                  epoch,         train/box_loss,         train/seg_loss,         train/cls_loss,         train/dfl_loss,   metrics/precision(B),      metrics/recall(B),       metrics/mAP50(B),    metrics/mAP50-95(B),   metrics/precision(M),      metrics/recall(M),       metrics/mAP50(M),    metrics/mAP50-95(M),           val/box_loss,           val/seg_loss,           val/cls_loss,           val/dfl_loss,                 lr/pg0,                 lr/pg1,                 lr/pg2
                      1,                 3.7265,                 4.0447,                 10.897,                 2.8118,                0.02724,                0.16142,                0.01671,                0.00403,                0.04296,                0.18898,                0.02278,                0.00474,                 1.9115,                 2.0344,                  39.67,                 1.5469,             0.00066454,             0.00066454,             0.00066454
                      2,                 2.9483,                 3.1501,                  3.377,                 2.0513,                0.03998,                0.04724,                0.01649,                0.00502,                0.07307,                0.12598,                0.03327,                0.00911,                 1.8843,                 1.8245,                 57.419,                 1.4819,               0.001318,               0.001318,               0.001318
                      3,                 2.7735,                 2.9642,                 2.4869,                 1.8397,                0.03255,                0.13386,                0.01582,                0.00407,                0.04691,                0.19291,                0.03247,                0.00607,                 1.9573,                 2.4111,                 59.478,                 1.4577,              0.0019583,              0.0019583,              0.0019583
                      4,                 2.6833,                 2.9261,                 2.3464,                 1.7649,                0.15381,                0.27165,                0.10491,                0.03422,                0.14569,                0.27559,                0.09693,                0.02595,                 1.7949,                 2.0937,                 1.6501,                 1.3658,              0.0019406,              0.0019406,              0.0019406
                      5,                 2.5955,                 2.9035,                 2.1282,                 1.6937,                0.11877,                0.23622,                0.06359,                0.02003,                0.12201,                 0.2126,                0.06907,                0.01753,                 1.7241,                 2.1268,                 1.9411,                  1.243,              0.0019208,              0.0019208,              0.0019208
                      6,                 2.5307,                 2.8691,                 2.0492,                 1.6251,                0.14902,                0.22441,                0.11433,                0.03774,                0.15277,                0.25197,                0.12105,                0.03557,                 1.6315,                 1.9108,                 22.388,                 1.1411,               0.001901,               0.001901,               0.001901
                      7,                 2.4674,                 2.8348,                 2.0154,                 1.6077,                0.18491,                0.23622,                0.15097,                0.04841,                0.22029,                0.24803,                0.14636,                0.03571,                 1.6612,                  1.888,                 8.1577,                 1.1247,              0.0018812,              0.0018812,              0.0018812
                      8,                  2.459,                 2.7555,                 1.8984,                 1.5447,                0.32779,                 0.3189,                0.21349,                0.08539,                0.32342,                0.32677,                 0.2198,                 0.0702,                 1.5939,                 1.6672,                 9.2334,                 1.1224,              0.0018614,              0.0018614,              0.0018614
                      9,                 2.4139,                 2.7483,                 1.8673,                 1.5395,                0.31649,                0.30315,                0.24942,                0.08839,                0.32698,                0.29134,                0.25316,                0.08562,                 1.5506,                 1.7853,                 3.1116,                 1.0726,              0.0018416,              0.0018416,              0.0018416
                     10,                 2.3715,                 2.6674,                 1.8395,                  1.528,                0.23151,                0.32261,                 0.1525,                0.05595,                0.27337,                0.34646,                0.19703,                0.06064,                 1.5451,                 1.7706,                 1.8454,                 1.0567,              0.0018218,              0.0018218,              0.0018218
                     11,                 2.3348,                 2.6641,                 1.7747,                 1.4744,                0.54977,                0.33858,                0.34465,                0.13985,                   0.58,                0.35039,                  0.357,                0.12852,                 1.5115,                 1.8517,                 1.2422,                 1.0534,               0.001802,               0.001802,               0.001802
                     12,                 2.3344,                 2.6296,                 1.7567,                 1.4928,                0.44731,                0.39764,                0.32488,                0.11973,                 0.4629,                0.40157,                0.32552,                0.10307,                 1.5223,                  1.649,                 1.4608,                 1.0421,              0.0017822,              0.0017822,              0.0017822
                     13,                  2.301,                  2.642,                 1.7286,                 1.4509,                0.42933,                0.34063,                0.36354,                0.14991,                0.46191,                0.31496,                0.33647,                0.12192,                 1.4639,                 1.9913,                 1.6639,                 1.0261,              0.0017624,              0.0017624,              0.0017624
                     14,                 2.2991,                 2.6039,                 1.7153,                 1.4807,                0.29843,                0.43701,                0.23917,                0.08889,                0.29279,                0.41237,                0.22609,                0.07553,                 1.4857,                 1.5746,                   13.8,                 1.0069,              0.0017426,              0.0017426,              0.0017426
                     15,                 2.2372,                 2.5701,                 1.6626,                  1.429,                 0.4479,                0.45276,                0.35387,                0.14305,                0.47123,                0.44488,                0.37522,                0.12961,                 1.4351,                 1.6884,                 1.2561,                0.97986,              0.0017228,              0.0017228,              0.0017228
                     16,                 2.2912,                 2.6107,                 1.6897,                 1.4109,                0.47972,                0.40945,                0.39711,                0.15501,                0.49497,                0.40157,                0.39386,                0.13605,                 1.5202,                 1.7737,                 1.6331,                 1.0338,               0.001703,               0.001703,               0.001703
                     17,                 2.2069,                 2.5466,                 1.6458,                 1.3953,                0.30827,                0.39764,                0.26936,                0.11276,                0.33653,                0.40945,                0.29266,                0.09486,                  1.443,                 1.6838,                 1.3496,                0.99664,              0.0016832,              0.0016832,              0.0016832
                     18,                 2.2092,                 2.5514,                 1.6157,                  1.401,                 0.5694,                 0.4269,                0.44989,                0.19153,                0.59888,                0.44488,                0.46401,                0.16929,                 1.4595,                 1.6378,                 3.7065,                0.97617,              0.0016634,              0.0016634,              0.0016634
                     19,                 2.2489,                 2.5303,                 1.5911,                  1.397,                 0.4627,                0.44094,                0.41618,                0.18209,                0.51122,                0.47638,                 0.4528,                0.16519,                 1.4461,                 1.5936,                 4.1977,                0.97074,              0.0016436,              0.0016436,              0.0016436
                     20,                 2.1971,                 2.5662,                 1.5659,                 1.4039,                0.36535,                0.44488,                0.33102,                0.12468,                0.37128,                0.48031,                0.30251,                0.10162,                 1.5091,                 1.7098,                 2.2087,                 1.0145,              0.0016238,              0.0016238,              0.0016238
                     21,                 2.1839,                 2.5402,                 1.5636,                 1.3773,                0.28132,                0.40157,                0.25446,                0.09935,                0.31221,                0.38583,                0.26136,                0.08416,                 1.4557,                 1.6353,                  1.176,                 1.0146,               0.001604,               0.001604,               0.001604
                     22,                 2.1911,                 2.5608,                 1.5391,                 1.3771,                0.50409,                0.44821,                0.42619,                0.18262,                 0.5173,                0.45276,                 0.4225,                0.15694,                 1.4573,                 1.6582,                 4.7532,                0.99868,              0.0015842,              0.0015842,              0.0015842
                     23,                 2.1561,                 2.5137,                 1.5029,                 1.3617,                0.39464,                0.52756,                0.34214,                0.14322,                0.39169,                0.52362,                0.34048,                0.12265,                 1.3796,                  1.658,                 2.0452,                0.95772,              0.0015644,              0.0015644,              0.0015644
                     24,                 2.1696,                 2.5256,                  1.508,                 1.3675,                0.49049,                0.51545,                0.46028,                0.18016,                0.51462,                0.51575,                0.45614,                 0.1468,                 1.4302,                 1.6818,                 1.3879,                0.97149,              0.0015446,              0.0015446,              0.0015446
                     25,                 2.1594,                 2.5011,                 1.4982,                 1.3593,                0.55934,                 0.4685,                0.48003,                0.21754,                 0.6434,                0.48819,                0.51326,                0.19201,                 1.3759,                 1.7137,                 1.6848,                 0.9594,              0.0015248,              0.0015248,              0.0015248
                     26,                 2.1466,                 2.4939,                 1.4894,                  1.355,                0.47913,                0.46063,                0.42756,                0.19034,                0.47337,                0.42913,                0.41317,                0.15362,                 1.4083,                 1.8325,                 2.2025,                0.96314,               0.001505,               0.001505,               0.001505
                     27,                 2.1537,                 2.4695,                 1.4657,                 1.3408,                 0.4434,                0.44094,                0.37253,                0.12566,                0.42756,                 0.4252,                0.34121,                0.11027,                 1.4449,                 1.6274,                 1.1679,                0.98741,              0.0014852,              0.0014852,              0.0014852
                     28,                 2.1077,                 2.4522,                 1.4884,                 1.3738,                0.51776,                0.45669,                 0.4458,                0.17454,                0.56426,                0.45669,                0.43275,                0.14206,                 1.4095,                  1.649,                 2.6336,                0.96896,              0.0014654,              0.0014654,              0.0014654
                     29,                 2.1171,                 2.4631,                  1.465,                 1.3769,                0.49847,                0.53999,                0.48019,                0.20839,                0.47678,                0.50787,                0.44259,                0.15979,                 1.3964,                 1.6859,                  1.016,                0.94621,              0.0014456,              0.0014456,              0.0014456
                     30,                 2.1061,                 2.4658,                 1.4504,                 1.3424,                0.64666,                0.50394,                0.50463,                0.21979,                0.67243,                0.51969,                0.52223,                0.18315,                 1.3768,                  1.876,                 1.2664,                0.97231,              0.0014258,              0.0014258,              0.0014258
                     31,                 2.1077,                 2.4549,                 1.4292,                 1.3211,                0.50829,                0.50787,                0.48919,                0.20601,                0.49181,                0.47244,                0.44235,                0.15521,                 1.4097,                 1.8799,                 1.3665,                0.98038,               0.001406,               0.001406,               0.001406
                     32,                 2.1268,                 2.4576,                 1.4268,                 1.3179,                0.46871,                0.52756,                0.38372,                0.15861,                0.47631,                 0.5315,                0.37165,                0.13476,                 1.4246,                 1.5857,                 1.2231,                0.97954,              0.0013862,              0.0013862,              0.0013862
                     33,                 2.0976,                 2.3709,                 1.4228,                 1.3177,                0.51818,                0.57087,                0.47134,                 0.1936,                0.50013,                0.57087,                0.43166,                0.15483,                 1.4357,                 1.7042,                0.96252,                0.96655,              0.0013664,              0.0013664,              0.0013664
                     34,                 2.0649,                 2.4217,                 1.4034,                 1.2958,                0.43543,                0.50787,                0.40547,                0.16867,                0.44385,                0.51181,                0.38472,                 0.1405,                 1.3477,                 1.6939,                 1.0171,                0.92915,              0.0013466,              0.0013466,              0.0013466
                     35,                 2.1106,                 2.4634,                 1.3988,                 1.3296,                0.45116,                0.58661,                0.41542,                0.15768,                0.41236,                0.58268,                0.38262,                0.12791,                 1.4293,                 1.6443,                 3.3403,                0.98247,              0.0013268,              0.0013268,              0.0013268
                     36,                 2.0714,                 2.4034,                  1.415,                 1.3196,                0.57041,                0.55512,                0.51654,                0.23135,                0.60423,                 0.5748,                0.52425,                 0.1916,                 1.3819,                 1.8561,                 1.8337,                0.94354,               0.001307,               0.001307,               0.001307
                     37,                 2.0867,                 2.4639,                 1.3893,                 1.3179,                0.60177,                 0.5748,                 0.5416,                 0.2389,                0.58941,                0.56299,                0.52833,                0.20351,                 1.3418,                 1.6641,                0.88724,                0.92615,              0.0012872,              0.0012872,              0.0012872
                     38,                 2.0728,                 2.4143,                 1.3769,                 1.3208,                0.55491,                0.54724,                0.50249,                0.21942,                 0.5589,                0.55118,                0.50016,                0.18853,                 1.3675,                 1.6321,                   1.05,                0.93872,              0.0012674,              0.0012674,              0.0012674
                     39,                 2.0598,                  2.429,                 1.3621,                 1.2952,                0.59884,                0.51719,                0.49833,                0.21764,                0.60921,                    0.5,                 0.4815,                0.17803,                 1.4119,                 1.6873,                 1.5184,                0.94794,              0.0012476,              0.0012476,              0.0012476
                     40,                 2.0845,                 2.4253,                 1.3675,                 1.3057,                0.61855,                0.43701,                0.46499,                0.18963,                 0.6726,                0.41732,                0.44784,                0.14595,                 1.4312,                 1.6052,                 1.0699,                 0.9655,              0.0012278,              0.0012278,              0.0012278
                     41,                 2.0559,                 2.4109,                 1.3448,                 1.2915,                 0.5936,                0.57874,                0.54543,                0.24019,                0.57981,                0.57043,                0.51558,                0.19802,                 1.3961,                 1.5892,                 1.5143,                0.96199,               0.001208,               0.001208,               0.001208
                     42,                 2.0796,                 2.3853,                 1.3767,                 1.3088,                0.54344,                 0.5315,                0.48976,                0.21109,                0.55678,                0.50787,                0.48699,                0.17512,                 1.3531,                 1.6402,                 1.0513,                0.93408,              0.0011882,              0.0011882,              0.0011882
                     43,                  2.056,                 2.3803,                 1.3685,                 1.2835,                0.53505,                0.50394,                0.48294,                0.21844,                0.51082,                0.52756,                0.46891,                0.16851,                 1.4179,                 1.5908,                 1.0182,                0.94771,              0.0011684,              0.0011684,              0.0011684
                     44,                 2.0469,                 2.3809,                 1.3657,                 1.2907,                0.51715,                 0.5018,                0.44437,                0.16598,                0.51519,                0.48819,                 0.4239,                0.14368,                  1.462,                 1.6098,                 1.4448,                0.95104,              0.0011486,              0.0011486,              0.0011486
                     45,                 2.0733,                 2.3773,                 1.3413,                 1.2765,                0.62826,                0.52756,                0.55456,                0.24922,                0.65697,                0.53534,                0.55508,                0.20234,                 1.3538,                 1.5653,                0.89097,                0.89638,              0.0011288,              0.0011288,              0.0011288
                     46,                 2.0186,                 2.3524,                 1.3294,                 1.2729,                0.64421,                0.48474,                0.55528,                0.26313,                 0.6756,                0.50836,                0.56095,                0.21718,                 1.3542,                 1.5657,                 1.9601,                0.90628,               0.001109,               0.001109,               0.001109
                     47,                 2.0493,                 2.3801,                 1.3326,                  1.266,                0.46881,                0.63238,                0.52225,                0.24703,                0.45554,                0.61024,                 0.4887,                0.19002,                 1.3782,                 1.6315,                0.88123,                0.92607,              0.0010892,              0.0010892,              0.0010892
                     48,                 2.0268,                 2.3656,                 1.3362,                 1.2655,                 0.5751,                0.57551,                0.52966,                0.24726,                0.57604,                0.53937,                0.51544,                0.19976,                 1.3542,                  1.549,                 1.6442,                0.88225,              0.0010694,              0.0010694,              0.0010694
                     49,                  2.077,                 2.3699,                 1.3194,                 1.2578,                 0.6686,                0.59843,                 0.6081,                0.28166,                0.62992,                0.57874,                0.57591,                0.22938,                 1.3374,                  1.555,                 1.0183,                0.90519,              0.0010496,              0.0010496,              0.0010496
                     50,                 2.0396,                 2.3435,                 1.2921,                 1.2853,                0.56472,                0.57087,                0.55994,                0.26332,                0.55413,                0.52756,                0.52529,                0.20998,                  1.381,                 1.5365,                 1.2129,                0.92947,              0.0010298,              0.0010298,              0.0010298
                     51,                 2.0218,                 2.3374,                  1.307,                 1.2618,                0.71955,                0.59599,                0.62667,                0.30296,                0.68689,                0.56693,                0.58004,                0.24217,                 1.3763,                 1.5753,                 0.9588,                0.90385,                0.00101,                0.00101,                0.00101
                     52,                 2.0362,                 2.3576,                  1.292,                 1.2618,                0.60277,                0.55512,                0.57054,                0.25954,                0.63904,                0.52756,                0.54572,                0.20643,                 1.3564,                 1.5986,                 1.4512,                0.90286,              0.0009902,              0.0009902,              0.0009902
                     53,                 2.0332,                 2.3476,                 1.2525,                 1.2362,                0.68634,                 0.6063,                0.58001,                0.25872,                0.67131,                0.57896,                0.54541,                0.20463,                 1.4128,                 1.5803,                 1.0139,                0.92487,              0.0009704,              0.0009704,              0.0009704
                     54,                 2.0212,                 2.3497,                 1.2702,                 1.2563,                0.71307,                0.59449,                0.62263,                0.31211,                 0.6819,                0.56693,                0.58379,                0.23537,                 1.3668,                 1.5907,                0.86446,                 0.9056,              0.0009506,              0.0009506,              0.0009506
                     55,                 2.0059,                 2.3282,                 1.2622,                 1.2651,                0.66399,                0.53543,                0.61761,                0.27771,                0.74457,                0.51575,                0.59505,                0.22159,                 1.3909,                 1.6002,                 1.1232,                0.90466,              0.0009308,              0.0009308,              0.0009308
                     56,                 2.0177,                 2.3345,                 1.2398,                 1.2466,                0.73762,                0.58659,                0.63545,                0.31773,                0.72437,                0.58268,                0.61719,                0.25756,                 1.3259,                 1.5861,                0.90432,                0.89776,               0.000911,               0.000911,               0.000911
                     57,                 2.0019,                 2.3491,                 1.2448,                 1.2589,                0.67146,                0.59542,                0.61046,                0.28462,                0.65017,                0.57804,                0.56735,                0.22399,                 1.3569,                 1.5572,                 1.5443,                0.88436,              0.0008912,              0.0008912,              0.0008912
                     58,                 1.9754,                 2.3155,                 1.2278,                 1.2442,                0.76373,                 0.5854,                0.64705,                0.33006,                0.78083,                0.58912,                0.63261,                0.25938,                 1.3226,                 1.5622,                0.91821,                0.88773,              0.0008714,              0.0008714,              0.0008714
                     59,                 2.0143,                 2.3138,                 1.2394,                 1.2369,                0.71206,                0.59391,                0.62852,                0.30791,                0.70946,                0.57683,                0.59856,                0.24099,                 1.3313,                 1.5466,                0.91039,                0.88883,              0.0008516,              0.0008516,              0.0008516
                     60,                 1.9959,                 2.3487,                 1.2351,                 1.2388,                0.72728,                0.61944,                 0.6213,                0.29866,                0.72265,                 0.6155,                0.59187,                0.24428,                  1.367,                  1.536,                 1.1027,                0.89302,              0.0008318,              0.0008318,              0.0008318
                     61,                 1.9812,                 2.3446,                  1.224,                 1.2427,                0.80079,                0.62598,                0.66047,                0.33498,                0.78722,                0.61177,                0.63224,                0.25625,                  1.328,                 1.5327,                0.84952,                0.87636,               0.000812,               0.000812,               0.000812
                     62,                 1.9542,                 2.3131,                 1.2185,                 1.2484,                0.78379,                 0.6063,                0.66995,                0.33972,                0.77423,                0.59843,                0.63597,                0.26736,                 1.2992,                 1.5589,                 0.8529,                0.87906,              0.0007922,              0.0007922,              0.0007922
                     63,                 1.9829,                 2.3087,                 1.2152,                 1.2464,                0.74965,                 0.5748,                0.66662,                0.33451,                0.75479,                0.57874,                0.64655,                0.26903,                 1.2985,                 1.5425,                0.98759,                0.87515,              0.0007724,              0.0007724,              0.0007724
                     64,                 1.9944,                 2.3002,                 1.2264,                 1.2324,                0.77161,                0.59843,                0.65392,                0.29473,                0.77327,                0.59055,                0.63744,                0.24387,                 1.3645,                 1.5911,                 0.8343,                0.89743,              0.0007526,              0.0007526,              0.0007526
                     65,                  1.973,                 2.3152,                 1.1993,                 1.2347,                0.75108,                 0.5748,                0.64359,                0.30471,                0.74716,                0.55512,                0.60378,                0.23637,                 1.3544,                 1.5923,                0.98881,                0.87407,              0.0007328,              0.0007328,              0.0007328
                     66,                 1.9869,                  2.282,                 1.2187,                 1.2243,                0.72103,                0.58661,                0.63048,                0.31757,                0.76585,                0.57087,                0.62469,                0.24579,                 1.3396,                 1.5563,                0.99375,                0.88139,               0.000713,               0.000713,               0.000713
                     67,                 2.0036,                 2.2544,                  1.215,                 1.2234,                  0.719,                0.59055,                0.64652,                 0.3328,                0.74707,                0.58143,                0.63947,                0.26497,                 1.3354,                 1.5813,                  1.135,                0.86958,              0.0006932,              0.0006932,              0.0006932
                     68,                 1.9901,                 2.2932,                 1.2025,                 1.2401,                0.74985,                0.60236,                0.64127,                0.32859,                0.76145,                 0.6063,                0.62939,                0.25889,                  1.311,                 1.5749,                0.94908,                0.87054,              0.0006734,              0.0006734,              0.0006734
                     69,                 1.9494,                 2.2701,                 1.1982,                 1.2304,                0.74239,                0.57087,                0.64121,                0.32917,                0.77839,                0.57087,                0.64167,                 0.2532,                 1.3458,                 1.5804,                 1.0586,                 0.8761,              0.0006536,              0.0006536,              0.0006536
                     70,                 1.9467,                 2.2145,                 1.1798,                 1.2138,                 0.7664,                0.61999,                0.67132,                0.33979,                0.75476,                0.59371,                 0.6392,                0.25903,                 1.3211,                 1.5378,                0.85838,                0.87479,              0.0006338,              0.0006338,              0.0006338
                     71,                 1.9487,                 2.3294,                 1.1606,                 1.2188,                 0.7294,                 0.6063,                0.65344,                0.33546,                0.75749,                 0.6063,                0.64307,                0.26971,                 1.3212,                  1.536,                0.82935,                0.86172,               0.000614,               0.000614,               0.000614
                     72,                 1.9748,                 2.2669,                 1.1449,                 1.2133,                0.72304,                0.59055,                0.64126,                0.30907,                0.72443,                 0.5748,                0.61827,                0.23817,                 1.3545,                 1.5272,                0.83331,                0.88299,              0.0005942,              0.0005942,              0.0005942
                     73,                 1.9936,                 2.2647,                  1.195,                 1.2136,                 0.7444,                0.61915,                0.63078,                0.31512,                0.76143,                0.60316,                0.62374,                0.24215,                 1.3355,                 1.5217,                0.85748,                0.86758,              0.0005744,              0.0005744,              0.0005744
                     74,                 1.9467,                 2.2593,                 1.1437,                 1.2117,                0.71723,                0.59055,                0.63496,                0.29051,                0.71886,                0.59449,                0.62439,                0.23453,                 1.3796,                 1.5408,                0.93803,                0.89916,              0.0005546,              0.0005546,              0.0005546
                     75,                 1.9588,                 2.2557,                 1.1769,                 1.2138,                0.71864,                0.58322,                0.62119,                 0.3077,                0.72647,                0.58555,                0.59976,                0.24625,                 1.3176,                  1.532,                0.81534,                0.85992,              0.0005348,              0.0005348,              0.0005348
                     76,                 1.9514,                  2.251,                 1.1616,                 1.2315,                0.76947,                0.59843,                0.66418,                 0.3498,                0.80785,                 0.5959,                0.66211,                0.27884,                  1.305,                 1.5192,                0.82658,                0.85928,               0.000515,               0.000515,               0.000515
                     77,                 1.9746,                 2.2262,                 1.1377,                  1.197,                0.75182,                0.58442,                0.63459,                0.30953,                0.78213,                 0.5748,                 0.6378,                0.24998,                 1.3535,                 1.5363,                 1.0134,                0.87446,              0.0004952,              0.0004952,              0.0004952
                     78,                 1.9215,                 2.2339,                 1.1553,                 1.2135,                0.75567,                0.60236,                0.63883,                0.31082,                  0.769,                0.60289,                0.63252,                0.25377,                 1.3409,                 1.5077,                0.93413,                0.87043,              0.0004754,              0.0004754,              0.0004754
                     79,                 1.9339,                 2.2502,                 1.1297,                 1.2231,                0.75115,                0.61024,                0.65552,                0.32869,                0.78507,                0.62205,                0.66185,                0.26548,                 1.3385,                 1.5309,                0.80604,                0.86331,              0.0004556,              0.0004556,              0.0004556
                     80,                 1.9173,                 2.2295,                 1.1407,                 1.2116,                0.71408,                0.62205,                0.64866,                0.31974,                0.75565,                0.62095,                0.64129,                0.25707,                 1.3301,                 1.5247,                 0.8076,                 0.8681,              0.0004358,              0.0004358,              0.0004358
                     81,                 1.9286,                  2.225,                 1.1416,                 1.2018,                0.77847,                 0.5949,                0.65865,                0.32802,                0.80596,                0.60236,                0.66159,                0.26773,                 1.3296,                 1.5168,                0.85411,                0.85846,               0.000416,               0.000416,               0.000416
                     82,                 1.9427,                 2.2094,                  1.123,                 1.1878,                0.75597,                0.63421,                0.66983,                0.32322,                0.76178,                0.61689,                 0.6475,                0.25815,                 1.3567,                  1.546,                0.79849,                0.87378,              0.0003962,              0.0003962,              0.0003962
                     83,                 1.9078,                 2.2627,                 1.1106,                 1.1896,                0.74189,                 0.6224,                0.65547,                0.32809,                0.75944,                0.62598,                0.64797,                0.25751,                 1.3298,                 1.5317,                0.81105,                0.86682,              0.0003764,              0.0003764,              0.0003764
                     84,                 1.9514,                 2.2602,                 1.1135,                 1.1733,                0.74854,                0.62205,                0.65789,                0.32391,                0.78122,                0.62205,                0.66104,                0.25915,                 1.3416,                 1.5543,                0.81902,                0.86372,              0.0003566,              0.0003566,              0.0003566
                     85,                 1.9142,                 2.2234,                 1.1119,                 1.2088,                0.73946,                 0.6378,                0.65693,                0.32289,                0.75241,                0.61811,                0.63481,                0.25188,                 1.3329,                 1.5389,                0.80857,                0.85379,              0.0003368,              0.0003368,              0.0003368
                     86,                 1.9043,                   2.21,                 1.0966,                 1.1862,                0.73414,                0.64142,                0.65257,                0.31519,                0.74862,                0.62141,                0.63943,                0.25664,                 1.3311,                  1.513,                0.83036,                0.85197,               0.000317,               0.000317,               0.000317
                     87,                 1.9281,                 2.1862,                 1.0951,                 1.1897,                0.74803,                0.63386,                0.67477,                0.33362,                0.76645,                0.62016,                0.66423,                0.25931,                 1.3374,                 1.5255,                0.83223,                0.86009,              0.0002972,              0.0002972,              0.0002972
                     88,                  1.916,                 2.2369,                 1.0902,                  1.187,                0.73713,                0.64033,                0.66294,                0.31998,                0.75438,                0.61811,                0.64957,                0.25284,                 1.3512,                 1.5186,                0.85533,                0.87017,              0.0002774,              0.0002774,              0.0002774
                     89,                  1.936,                 2.1975,                 1.0928,                 1.1854,                0.73314,                0.65748,                0.67085,                0.32496,                0.77442,                0.60822,                 0.6507,                0.25899,                 1.3582,                 1.5215,                0.82882,                0.87415,              0.0002576,              0.0002576,              0.0002576
                     90,                 1.9057,                 2.2099,                 1.0615,                  1.173,                0.76403,                 0.6063,                0.66437,                0.31753,                0.77121,                0.60236,                0.62964,                0.25327,                 1.3606,                 1.5279,                0.81571,                0.86817,              0.0002378,              0.0002378,              0.0002378
                     91,                 2.6864,                 2.2758,                 1.1888,                 1.1632,                0.74728,                0.61024,                0.65311,                0.32579,                0.78769,                0.59887,                0.64282,                0.25949,                   1.36,                 1.4947,                 0.7825,                0.87037,               0.000218,               0.000218,               0.000218
                     92,                 2.6177,                 2.2535,                  1.153,                 1.1401,                0.75263,                0.62205,                0.65047,                0.32863,                0.76391,                0.61417,                0.63476,                0.26196,                  1.346,                 1.4837,                0.78653,                0.86556,              0.0001982,              0.0001982,              0.0001982
                     93,                 2.5834,                  2.252,                 1.1413,                 1.1608,                0.75702,                0.62205,                0.65364,                0.32611,                0.77786,                0.61024,                 0.6389,                0.25987,                 1.3616,                 1.4944,                0.77238,                0.86211,              0.0001784,              0.0001784,              0.0001784
                     94,                 2.6149,                 2.2304,                 1.1402,                 1.1504,                 0.7733,                0.61811,                0.65731,                0.33498,                0.78314,                0.61811,                0.64114,                0.26069,                  1.334,                 1.5151,                0.76701,                 0.8637,              0.0001586,              0.0001586,              0.0001586
                     95,                 2.5966,                 2.2235,                 1.1245,                 1.1583,                0.78828,                0.64173,                0.67578,                0.34191,                0.78717,                0.62205,                0.64694,                0.26575,                 1.3333,                 1.4978,                0.77176,                0.86291,              0.0001388,              0.0001388,              0.0001388
                     96,                  2.591,                 2.2212,                 1.1266,                 1.1574,                0.78637,                0.63386,                0.67333,                0.33398,                0.76684,                0.61811,                0.63329,                0.25865,                 1.3322,                 1.4942,                0.76272,                0.86307,               0.000119,               0.000119,               0.000119
                     97,                 2.5933,                 2.2235,                 1.1277,                 1.1472,                0.78251,                0.63386,                0.67536,                0.33378,                0.75774,                 0.6034,                0.62978,                0.25329,                 1.3393,                 1.4988,                0.75821,                0.85841,               9.92e-05,               9.92e-05,               9.92e-05
                     98,                 2.5852,                 2.1906,                 1.1007,                 1.1188,                0.79449,                0.62403,                0.68304,                 0.3362,                 0.7779,                 0.6063,                0.64507,                0.26282,                  1.343,                 1.5035,                0.75855,                0.85854,               7.94e-05,               7.94e-05,               7.94e-05
                     99,                 2.6416,                 2.2135,                 1.1233,                 1.1479,                0.78637,                0.62316,                 0.6818,                  0.339,                0.77504,                0.61417,                0.65239,                0.26812,                 1.3429,                 1.4998,                0.75139,                0.86178,               5.96e-05,               5.96e-05,               5.96e-05
                    100,                 2.6027,                 2.2348,                 1.1218,                 1.1334,                0.77948,                0.62624,                0.68117,                0.33799,                0.77222,                0.61417,                0.64209,                0.26642,                 1.3348,                 1.4932,                0.75267,                0.85997,               3.98e-05,               3.98e-05,               3.98e-05
